model,F1,error
vit_large_r50_s32_224.augreg_in21k,0.8361910574131949,
resnet14t.c3_in1k,0.7800336172693092,
resnetv2_50x3_bit.goog_in21k_ft_in1k,0.7396202655015955,
resnetv2_50x3_bit.goog_in21k,0.7453239442583298,
vit_large_r50_s32_224.augreg_in21k_ft_in1k,0.7812152761172964,
vit_base_patch16_224.augreg_in21k,0.7970057172496985,
rexnetr_300.sw_in12k,0.7588881063287932,
mixer_b16_224.goog_in21k_ft_in1k,0.7736232246227208,
vit_base_patch16_224.augreg_in21k_ft_in1k,0.7549212002747401,
eva02_base_patch16_clip_224.merged2b,0.7239782363775593,
rexnetr_300.sw_in12k_ft_in1k,0.8579553222257468,
tf_efficientnetv2_b3.in21k,0.7631096582590504,
convnext_base.clip_laiona_augreg_320,0.7645280515713131,
seresnextaa101d_32x8d.sw_in12k_ft_in1k,0.7696009067397978,
vit_base_patch32_224.augreg_in21k,0.7410702359840424,
vit_base_patch32_224.augreg_in21k_ft_in1k,0.7010955829559722,
resnet26.bt_in1k,0.660911465034864,
beitv2_base_patch16_224.in1k_ft_in22k,0.8011850886569936,
resnet152.gluon_in1k,0.6460688121919269,
resnetv2_101x1_bit.goog_in21k,0.6947150092279658,
mixer_b16_224.miil_in21k,0.7595810913545816,
regnety_320.swag_lc_in1k,0.7568828164083357,
tf_efficientnetv2_b3.in21k_ft_in1k,0.7086600444048168,
regnety_160.sw_in12k,0.748271902616628,
rexnet_200.nav_in1k,0.6738342113516821,
regnety_120.sw_in12k,0.7646836187964883,
regnety_120.sw_in12k_ft_in1k,0.672205088943145,
resmlp_12_224.fb_dino,0.7018594301176141,
resnet50.am_in1k,0.6751803573962658,
vit_base_r50_s16_224.orig_in21k,0.8293641637139001,
repvgg_a2.rvgg_in1k,0.6927400241896019,
convnext_small.in12k_ft_in1k_384,0.7808343079337271,
resmlp_36_224.fb_in1k,0.7254784971949593,
convnext_small.in12k_ft_in1k,0.7594561058338141,
mixer_b16_224.goog_in21k,0.7728308481233861,
vit_base_patch16_clip_224.laion2b,0.7284012748653963,
vit_base_patch16_clip_224.openai_ft_in12k_in1k,0.7816454082074125,
vit_small_patch16_224.dino,0.7187656241072076,
rexnetr_200.sw_in12k,0.7577231343737789,
vit_base_patch16_clip_224.laion2b_ft_in1k,0.7391383306181276,
resnet26d.bt_in1k,0.6661412867442562,
mnasnet_small.lamb_in1k,0.6690131717998935,
vit_base_patch16_clip_224.openai_ft_in1k,0.786215931107149,
convnext_base.fb_in22k,0.7447347947131159,
convnext_small.in12k,0.775037978865927,
vit_base_patch16_224.dino,0.7600302119183894,
vit_base_patch16_clip_224.openai_ft_in12k,0.7621288728804798,
vit_small_r26_s32_224.augreg_in21k_ft_in1k,0.6131602762948434,
eva02_base_patch14_224.mim_in22k,0.7390799933146682,
regnety_160.sw_in12k_ft_in1k,0.7710960799760962,
regnetx_080.pycls_in1k,0.6790508551039269,
efficientnet_b5.sw_in12k,0.7190043187728472,
vit_large_patch32_224.orig_in21k,0.7421483129121875,
repvgg_b1.rvgg_in1k,0.7037511646974228,
seresnextaa101d_32x8d.sw_in12k,0.7596605323089866,
resnet50d.a3_in1k,0.7001861483249473,
vit_base_patch16_clip_224.openai,0.7805183907339915,
dpn131.mx_in1k,0.6845419443259817,
resnet101.tv_in1k,0.6093131932727431,
caformer_s18.sail_in22k,0.7313566077118544,
deit_base_patch16_224.fb_in1k,0.7437431510257548,
poolformer_m48.sail_in1k,0.7726884887989278,
focalnet_small_lrf.ms_in1k,0.7239565528428564,
regnety_160.pycls_in1k,0.6651575835973196,
pit_b_224.in1k,0.8098644229460136,
dm_nfnet_f1.dm_in1k,0.7071397956108361,
ecaresnetlight.miil_in1k,0.5964808789278545,
resnet50.bt_in1k,0.664393999058771,
resnet101.gluon_in1k,0.6245347352094452,
convnext_tiny.in12k,0.7343523866417042,
resnet101c.gluon_in1k,0.651739671956296,
wide_resnet50_2.tv_in1k,0.6494077999538037,
vit_base_patch16_224.sam_in1k,0.7343995669166836,
vit_base_patch16_224.orig_in21k_ft_in1k,0.752132295174222,
resnetaa50d.sw_in12k,0.7249978533072144,
deit_small_patch16_224.fb_in1k,0.7059616393212408,
convnext_base.fb_in22k_ft_in1k,0.7426382017005522,
repvgg_b1g4.rvgg_in1k,0.6818532991269746,
convnext_base.clip_laiona,0.7546841817403924,
vit_base_patch16_clip_224.laion2b_ft_in12k,0.7215376978320838,
regnetx_160.pycls_in1k,0.6498456101628237,
tf_efficientnetv2_s.in21k_ft_in1k,0.6578204790328577,
vit_base_patch16_clip_224.laion2b_ft_in12k_in1k,0.7537897087256955,
rexnetr_200.sw_in12k_ft_in1k,0.7316268949406018,
regnety_160.swag_lc_in1k,0.7517023727816453,
poolformer_m36.sail_in1k,0.7272629290356145,
resnet50c.gluon_in1k,0.6214132347823578,
poolformerv2_m36.sail_in1k,0.7376830494908166,
resnext101_32x8d.fb_wsl_ig1b_ft_in1k,0.7957392575287539,
ecaresnet50t.a3_in1k,0.6896191786366499,
regnetx_032.pycls_in1k,0.6658619394422745,
legacy_seresnet101.in1k,0.6465385827721372,
rexnet_130.nav_in1k,0.6995397538053325,
densenet121.tv_in1k,0.6599382190220949,
semnasnet_075.rmsp_in1k,0.6771825529233838,
convnext_tiny.fb_in22k_ft_in1k,0.7403057036265053,
repvgg_b3g4.rvgg_in1k,0.6719868822140402,
convnext_nano.in12k,0.7656875511734675,
repvgg_b0.rvgg_in1k,0.6684865737917605,
resnet50d.gluon_in1k,0.6558232007822895,
efficientformer_l7.snap_dist_in1k,0.7930839212497219,
vit_small_patch32_224.augreg_in21k,0.6814897057217519,
resnet152.tv_in1k,0.5881708964482575,
mixer_b16_224.miil_in21k_ft_in1k,0.73049330237202,
dla102x2.in1k,0.7008401450364646,
wide_resnet101_2.tv2_in1k,0.5978847502789351,
vit_base_patch16_224.mae,0.7287237196442532,
convformer_s36.sail_in1k,0.6482506928927431,
vit_base_patch32_clip_224.laion2b_ft_in12k_in1k,0.6302975433765511,
tf_efficientnetv2_s.in21k,0.728495779353868,
pit_xs_distilled_224.in1k,0.7018368865129716,
resnetrs50.tf_in1k,0.6751431347692601,
convnext_base.clip_laion2b_augreg_ft_in12k,0.74224616137422,
nfnet_l0.ra2_in1k,0.6806357397039342,
convnext_base.clip_laion2b_augreg_ft_in12k_in1k_384,0.7782379012532313,
deit3_base_patch16_224.fb_in1k,0.6972779386827574,
vit_base_patch16_224.augreg2_in21k_ft_in1k,0.7680421063029825,
twins_svt_large.in1k,0.7948386428730436,
convnext_nano.in12k_ft_in1k,0.7081400900833192,
gernet_m.idstcv_in1k,0.6690715595408886,
vit_base_patch32_224.augreg_in1k,0.6744036246224887,
swinv2_cr_small_ns_224.sw_in1k,0.7643182076661894,
convnext_base.clip_laion2b_augreg_ft_in12k_in1k,0.7663471122285234,
regnetx_320.pycls_in1k,0.6712923759608451,
resnetaa101d.sw_in12k,0.7167032285596138,
convnextv2_nano.fcmae_ft_in1k,0.7522099990223423,
rexnet_150.nav_in1k,0.6726549314154815,
xcit_small_24_p16_224.fb_dist_in1k,0.7582912332092575,
seresnext101d_32x8d.ah_in1k,0.6642118018951838,
deit_base_distilled_patch16_224.fb_in1k,0.7545003065457706,
repvgg_b2.rvgg_in1k,0.7067921725390168,
beitv2_base_patch16_224.in1k_ft_in22k_in1k,0.7864744804690369,
regnety_064.pycls_in1k,0.6536645129276066,
convnext_tiny.fb_in22k,0.7175015112373028,
vit_relpos_base_patch16_224.sw_in1k,0.7331036965290856,
resnetaa50d.d_in12k,0.5823359077987533,
resnest14d.gluon_in1k,0.6703278515619362,
beit_base_patch16_224.in22k_ft_in22k,0.7527425186253929,
hrnet_w18_small_v2.ms_in1k,0.6438627017659165,
coat_small.in1k,0.7331489385361384,
vit_base_patch16_224.augreg_in1k,0.753518701158634,
resnet50.ram_in1k,0.6511390302923606,
tf_efficientnetv2_m.in21k,0.7127752511709444,
resnet50.fb_ssl_yfcc100m_ft_in1k,0.6610548606667264,
pvt_v2_b5.in1k,0.7387217782066844,
vit_small_patch16_224.augreg_in21k,0.7530820159119085,
resnext101_32x8d.tv_in1k,0.7043321520869309,
regnety_032.pycls_in1k,0.6579992665024147,
mobilenetv2_140.ra_in1k,0.6959962976774965,
regnetx_064.pycls_in1k,0.672657936661049,
resnet152d.gluon_in1k,0.6460832816041692,
mvitv2_base.fb_in1k,0.7682183330974617,
resnet50.a3_in1k,0.6899153885940098,
densenet201.tv_in1k,0.6534372983862976,
legacy_seresnet50.in1k,0.6341609444422205,
vit_base_patch32_224.sam_in1k,0.700341038864627,
resnetv2_50x1_bit.goog_distilled_in1k,0.6252626022147649,
vit_relpos_base_patch16_clsgap_224.sw_in1k,0.7358934057243168,
caformer_s36.sail_in22k,0.7754564739887835,
hrnet_w44.ms_in1k,0.6609217675714919,
tinynet_e.in1k,0.6802222498121224,
vit_base_patch16_224_miil.in21k,0.7711521731832585,
pvt_v2_b1.in1k,0.7863152194515772,
dpn107.mx_in1k,0.5716941486401146,
dpn92.mx_in1k,0.6364527408449305,
vit_relpos_medium_patch16_rpn_224.sw_in1k,0.736631842354723,
vit_base_patch32_clip_224.openai,0.6374714628240703,
tresnet_v2_l.miil_in21k,0.6697584090179692,
regnetx_320.tv2_in1k,0.6455034248784619,
seresnextaa101d_32x8d.sw_in12k_ft_in1k_288,0.8548299398562319,
davit_base.msft_in1k,0.7023839419747159,
mvitv2_small.fb_in1k,0.7344329701501751,
resmlp_12_224.fb_in1k,0.7013759780696991,
convnext_base.clip_laion2b_augreg,0.6970935227651761,
fbnetc_100.rmsp_in1k,0.6674066673288879,
vit_base_patch16_rpn_224.sw_in1k,0.7088551901238254,
tresnet_m.miil_in21k,0.6511906796312064,
resnext101_32x4d.fb_ssl_yfcc100m_ft_in1k,0.607300657055218,
mixnet_xl.ra_in1k,0.65546218624503,
coatnet_0_rw_224.sw_in1k,0.853199227285406,
resnet101d.gluon_in1k,0.618908272547247,
regnety_320.seer,0.5855779786052764,
eca_nfnet_l1.ra2_in1k,0.735247911539608,
convnext_small.fb_in22k_ft_in1k,0.7261237072203333,
coat_lite_medium.in1k,0.7626087668630264,
visformer_small.in1k,0.711293569172717,
efficientnet_b1.ft_in1k,0.6703758941790304,
tf_efficientnet_es.in1k,0.682246977715927,
mobilenetv2_050.lamb_in1k,0.6155057950920284,
ecaresnet50t.a1_in1k,0.6261745288770786,
dla60.in1k,0.6134520721186265,
coatnet_rmlp_1_rw_224.sw_in1k,0.7647668145099162,
densenet161.tv_in1k,0.675434028960059,
levit_384.fb_dist_in1k,0.6999285363757587,
poolformer_s24.sail_in1k,0.7016126612587203,
eca_nfnet_l0.ra2_in1k,0.7248474030531056,
dm_nfnet_f0.dm_in1k,0.6903670972549136,
vit_base_patch16_224_miil.in21k_ft_in1k,0.7755972235455656,
pit_b_distilled_224.in1k,0.7797303832228234,
resnext50_32x4d.a2_in1k,0.6409575782099196,
levit_conv_384.fb_dist_in1k,0.6896980446017786,
SelecSls42b.in1k,0.5826708897607777,
convnext_tiny_hnf.a2h_in1k,0.6912566505216942,
resnet152c.gluon_in1k,0.6363921590841181,
resnet50.fb_swsl_ig1b_ft_in1k,0.613616730979191,
resnet50.b1k_in1k,0.5070712938357286,
resnext101_64x4d.c1_in1k,0.6860008398674422,
mobilevitv2_175.cvnets_in22k_ft_in1k,0.7047362871570089,
resnet101.a2_in1k,0.623860375555609,
resnext50_32x4d.a3_in1k,0.5902572427672581,
focalnet_small_srf.ms_in1k,0.7187570235449697,
mobilevitv2_150.cvnets_in22k_ft_in1k,0.7007792771415576,
regnety_320.pycls_in1k,0.6838087470228259,
regnetx_120.pycls_in1k,0.6721841580169775,
beit_base_patch16_224.in22k_ft_in22k_in1k,0.7267113990111943,
haloregnetz_b.ra3_in1k,0.4849322940205263,
seresnet50.a3_in1k,0.715071590797838,
regnetx_016.pycls_in1k,0.6493716675887287,
poolformer_s12.sail_in1k,0.6541720860409757,
twins_pcpvt_small.in1k,0.7215776552863027,
deit3_base_patch16_224.fb_in22k_ft_in1k,0.7404997584444497,
legacy_seresnext101_32x4d.in1k,0.6469405037896718,
resnext50_32x4d.ra_in1k,0.7178813682304946,
resnext101_32x8d.fb_swsl_ig1b_ft_in1k,0.7143427887897171,
seresnext26t_32x4d.bt_in1k,0.6450808864788855,
regnety_120.pycls_in1k,0.6585066501236736,
densenet169.tv_in1k,0.6594371512258542,
xcit_tiny_12_p8_384.fb_dist_in1k,0.7357724727744507,
pit_s_224.in1k,0.7588635832662947,
gcvit_small.in1k,0.7238373528206304,
resmlp_24_224.fb_in1k,0.7205338738212734,
semnasnet_100.rmsp_in1k,0.6307521016444834,
mobilenetv2_120d.ra_in1k,0.6676183409083927,
mnasnet_100.rmsp_in1k,0.6479554696197555,
convnextv2_pico.fcmae_ft_in1k,0.7218191775603717,
eca_resnext26ts.ch_in1k,0.6424303659003188,
resnet152.tv2_in1k,0.6493180423047377,
resnet50.tv2_in1k,0.6231497408114385,
gcvit_tiny.in1k,0.7235411029303239,
densenetblur121d.ra_in1k,0.6380845646142375,
legacy_seresnet152.in1k,0.639732637372224,
resnet50.gluon_in1k,0.6297658124372061,
regnetz_b16.ra3_in1k,0.6305301720779458,
resmlp_12_224.fb_distilled_in1k,0.6996378875313607,
regnetx_040.pycls_in1k,0.6550323755227214,
tresnet_v2_l.miil_in21k_ft_in1k,0.6781548260757575,
ecaresnet50t.a2_in1k,0.6343384252949873,
convnext_base.fb_in22k_ft_in1k_384,0.7085680601862749,
res2net50_14w_8s.in1k,0.481710050449734,
convnext_tiny.in12k_ft_in1k,0.7751780992959814,
resnext26ts.ra2_in1k,0.6573266415412097,
resnet101.a3_in1k,0.6791178580571333,
resnet50.a2_in1k,0.6525809634438852,
tf_efficientnet_em.in1k,0.6526298919541716,
vit_small_r26_s32_224.augreg_in21k,0.6975076629732819,
nest_base_jx.goog_in1k,0.7753916974159434,
mixnet_s.ft_in1k,0.6258751493070689,
twins_svt_base.in1k,0.8046133644474063,
mobilevitv2_200.cvnets_in22k_ft_in1k,0.628302593615065,
regnetx_160.tv2_in1k,0.6554264681534777,
resnest50d_4s2x40d.in1k,0.5382741664825823,
lambda_resnet50ts.a1h_in1k,0.6590054847680199,
repvgg_b2g4.rvgg_in1k,0.634484859236834,
xcit_tiny_12_p8_224.fb_dist_in1k,0.7435108181783369,
resnet50.tv_in1k,0.6486658845984743,
seresnext50_32x4d.gluon_in1k,0.5742505594250242,
vit_small_patch8_224.dino,0.7541397339847845,
tf_mixnet_l.in1k,0.6151725068360165,
resnet34.a3_in1k,0.5557553475623593,
resnet51q.ra2_in1k,0.614829137669601,
tf_efficientnetv2_b2.in1k,0.6336680543236262,
resnet50.a1h_in1k,0.590809799537936,
tinynet_b.in1k,0.6520099517130575,
convnext_base.clip_laion2b,0.6784636906937845,
hrnet_w18.ms_in1k,0.6637578825761432,
vit_small_patch32_224.augreg_in21k_ft_in1k,0.6541103998573838,
pit_ti_224.in1k,0.7012338350307374,
resnet50.c2_in1k,0.594561270296752,
focalnet_base_srf.ms_in1k,0.8108175382394164,
efficientnet_es.ra_in1k,0.6865376724125863,
resnext50d_32x4d.bt_in1k,0.6343720425257731,
efficientnet_lite0.ra_in1k,0.6538174208847991,
resnet50.ra_in1k,0.6675593653481666,
efficientnet_b0.ra_in1k,0.6862033087574881,
rexnet_300.nav_in1k,0.6847903513201447,
hrnet_w18.ms_aug_in1k,0.6413674396427953,
dla102.in1k,0.6501308913123333,
resnest26d.gluon_in1k,0.627903734390467,
convit_tiny.fb_in1k,0.6226421183110336,
crossvit_base_240.in1k,0.6971389468988376,
caformer_s36.sail_in22k_ft_in1k,0.7618298114488059,
tf_efficientnet_lite1.in1k,0.6190655302464969,
seresnext26d_32x4d.bt_in1k,0.6502379558162408,
resnetv2_50x1_bit.goog_in21k,0.6321926316097186,
resnetv2_101x1_bit.goog_in21k_ft_in1k,0.6978381279812166,
coatnet_rmlp_1_rw2_224.sw_in12k,0.8247620098860093,
resnest50d_1s4x24d.in1k,0.5846495143881693,
resnext101_32x8d.tv2_in1k,0.6424888145347333,
efficientnet_em.ra2_in1k,0.6298201353433528,
resmlp_24_224.fb_dino,0.7098073031292434,
efficientnet_el.ra_in1k,0.6435966885016805,
tresnet_m.miil_in21k_ft_in1k,0.6590441851389969,
tinynet_c.in1k,0.6193220811533302,
vit_base_patch32_clip_224.openai_ft_in1k,0.661538326423053,
resnet152.a2_in1k,0.4963106860646098,
tf_efficientnet_el.in1k,0.6087068725720919,
twins_pcpvt_large.in1k,0.7017716028347811,
convnext_small.fb_in22k_ft_in1k_384,0.706313462195463,
regnety_080.pycls_in1k,0.6704531115029193,
convformer_s36.sail_in22k,0.7098881935880462,
mvitv2_base_cls.fb_inw21k,0.7520179698413152,
wide_resnet50_2.tv2_in1k,0.6713465805424552,
mvitv2_tiny.fb_in1k,0.6750602392653519,
crossvit_15_dagger_240.in1k,0.7394048135090605,
resnet34.tv_in1k,0.599673826072898,
davit_small.msft_in1k,0.7089982096529794,
resnet50d.ra2_in1k,0.5794092510824251,
nf_resnet50.ra2_in1k,0.6711737475372065,
regnetv_064.ra3_in1k,0.55752161309555,
dla102x.in1k,0.6624128036819509,
resnext50_32x4d.tv_in1k,0.6843847309728347,
convnext_tiny.fb_in22k_ft_in1k_384,0.7058200592106271,
gernet_s.idstcv_in1k,0.6492104883785783,
sequencer2d_s.in1k,0.6784905704966934,
res2net50_48w_2s.in1k,0.681836635219454,
resnetaa50d.sw_in12k_ft_in1k,0.7099330472715532,
swinv2_cr_tiny_ns_224.sw_in1k,0.7198335595340689,
regnety_320.tv2_in1k,0.6394807553467234,
twins_pcpvt_base.in1k,0.779873855278628,
legacy_xception.tf_in1k,0.5792522209053059,
coatnet_1_rw_224.sw_in1k,0.8211712135996043,
focalnet_base_lrf.ms_in1k,0.7899496535814371,
pit_s_distilled_224.in1k,0.6815908899856733,
pvt_v2_b2.in1k,0.7249046811326327,
ecaresnet101d.miil_in1k,0.5890188413836246,
regnety_040.ra3_in1k,0.5842601091152331,
twins_svt_small.in1k,0.7603426965079108,
resnext50_32x4d.fb_ssl_yfcc100m_ft_in1k,0.7183048832279999,
convnext_nano_ols.d1h_in1k,0.6237999752394452,
resnet50d.a2_in1k,0.665620017331698,
mobilevitv2_175.cvnets_in22k_ft_in1k_384,0.6794555380801031,
resnext101_64x4d.gluon_in1k,0.576138744887074,
dpn98.mx_in1k,0.6784817658535258,
resnet152d.ra2_in1k,0.6069361683764696,
dla60x.in1k,0.6171409792593084,
xcit_medium_24_p16_384.fb_dist_in1k,0.7535854391131165,
resnext101_32x4d.gluon_in1k,0.5832050383936218,
seresnet50.ra2_in1k,0.6123197470223581,
sequencer2d_m.in1k,0.7364329042940574,
vit_tiny_patch16_224.augreg_in21k_ft_in1k,0.625860005749343,
convnext_small.fb_in22k,0.7252882795678562,
hrnet_w48_ssld.paddle_in1k,0.6348261469737696,
resnest101e.in1k,0.6921695622778621,
resnetv2_50.a1h_in1k,0.6091583169028878,
resnetv2_50d_gn.ah_in1k,0.5989744446950535,
resnet50_gn.a1h_in1k,0.5660208790243746,
resnet18.a1_in1k,0.5789251069391693,
deit_tiny_distilled_patch16_224.fb_in1k,0.5994652034702926,
vit_relpos_medium_patch16_224.sw_in1k,0.7266955596128912,
resnet152.a3_in1k,0.6552362982684148,
xcit_medium_24_p16_224.fb_dist_in1k,0.775956230799129,
repvgg_b3.rvgg_in1k,0.5946960438655782,
efficientnet_el_pruned.in1k,0.6444385031903556,
coat_lite_small.in1k,0.6927439283662723,
gcresnet50t.ra2_in1k,0.5404397246478367,
coatnet_rmlp_1_rw2_224.sw_in12k_ft_in1k,0.7893481664829363,
legacy_seresnext50_32x4d.in1k,0.669098040192196,
convnext_nano.d1h_in1k,0.6871953972663997,
resnet50.c1_in1k,0.581537173875831,
cspresnext50.ra_in1k,0.6259786895309915,
vit_small_patch16_224.augreg_in21k_ft_in1k,0.7213449383009759,
hrnet_w30.ms_in1k,0.6328913723222558,
seresnet50.a1_in1k,0.6411518594724741,
tresnet_xl.miil_in1k,0.6553593865104766,
gernet_l.idstcv_in1k,0.6422633981592814,
tresnet_m.miil_in1k,0.6179695293520748,
resnet101.a1h_in1k,0.6392294986624546,
regnety_016.pycls_in1k,0.6366313915058412,
dla169.in1k,0.6862605815904228,
regnety_160.tv2_in1k,0.6682532024553735,
convformer_s18.sail_in22k,0.7256641799564344,
tf_efficientnet_b0.in1k,0.68076081017568,
resnet26t.ra2_in1k,0.6227525290303496,
eca_nfnet_l2.ra3_in1k,0.6416645097586786,
xcit_small_24_p16_224.fb_in1k,0.7885285961024244,
focalnet_tiny_lrf.ms_in1k,0.7754598751753081,
resnet50s.gluon_in1k,0.6145929196487747,
efficientnet_es_pruned.in1k,0.6859403288643793,
efficientnet_b5.sw_in12k_ft_in1k,0.7224022922759779,
lambda_resnet26t.c1_in1k,0.6638310586276056,
regnety_080.ra3_in1k,0.5526038439137099,
convnextv2_tiny.fcmae_ft_in1k,0.698455471065678,
mixnet_m.ft_in1k,0.6522389373479822,
vit_base_patch32_clip_224.laion2b,0.6519902813060153,
pvt_v2_b3.in1k,0.720502291427877,
tinynet_d.in1k,0.6393446952900198,
regnetx_016.tv2_in1k,0.6398447840404968,
coat_lite_mini.in1k,0.7185067557146685,
efficientnet_b1_pruned.in1k,0.5560044979187251,
resnetrs101.tf_in1k,,HfHubHTTPError
dla46x_c.in1k,0.5528925724787639,
efficientformer_l3.snap_dist_in1k,0.6920113662506506,
regnety_032.ra_in1k,0.535641219553295,
xcit_medium_24_p16_224.fb_in1k,0.7715271466709405,
resnetv2_50d_evos.ah_in1k,0.5971529728611417,
deit3_medium_patch16_224.fb_in22k_ft_in1k,0.7318696257821353,
regnetz_c16_evos.ch_in1k,0.7085693141870433,
regnety_040.pycls_in1k,0.6777796965653038,
crossvit_15_dagger_408.in1k,0.7364400497253162,
regnety_160.swag_ft_in1k,0.6434241583672468,
mobilenetv2_100.ra_in1k,0.6555863168760799,
resnetrs152.tf_in1k,0.633987034934459,
seresnext101_64x4d.gluon_in1k,0.6065132379189149,
crossvit_18_dagger_240.in1k,0.7057266695411769,
convformer_s36.sail_in1k_384,0.7039739483281231,
efficientformer_l1.snap_dist_in1k,0.724554526637483,
convnext_tiny.in12k_ft_in1k_384,0.7424070854962757,
efficientformerv2_s1.snap_dist_in1k,0.5677711413496929,
tf_mixnet_s.in1k,0.664896451438064,
deit3_medium_patch16_224.fb_in1k,0.7250502335921793,
regnety_080_tv.tv2_in1k,0.6273903789024702,
coatnet_rmlp_nano_rw_224.sw_in1k,0.7531622649655132,
regnetx_008.pycls_in1k,0.6052002598114523,
convnext_base.clip_laion2b_augreg_ft_in1k,0.6785710237597656,
coatnext_nano_rw_224.sw_in1k,0.7978046536273244,
efficientnet_b3_pruned.in1k,0.6049384069676931,
ecaresnet50d.miil_in1k,0.6302309973735498,
vit_srelpos_medium_patch16_224.sw_in1k,0.7306704844132486,
resnet50.b2k_in1k,0.5748596980160037,
tf_efficientnet_b1.in1k,0.636972428419094,
seresnet50.a2_in1k,0.6006091323365945,
rexnet_100.nav_in1k,0.6105530540708741,
hrnet_w64.ms_in1k,0.6589866344939616,
ecaresnet26t.ra2_in1k,0.586377604740363,
pit_xs_224.in1k,0.7093353795172831,
focalnet_tiny_srf.ms_in1k,0.809907629654712,
res2net101d.in1k,0.8887339813884847,
crossvit_15_240.in1k,0.6960159243738818,
deit_tiny_patch16_224.fb_in1k,0.6416174742433014,
tresnet_xl.miil_in1k_448,0.5006057602762578,
coatnet_nano_rw_224.sw_in1k,0.7640242501224492,
convnextv2_tiny.fcmae_ft_in22k_in1k,0.7226042082834376,
resnetaa101d.sw_in12k_ft_in1k,0.7646763440134362,
skresnext50_32x4d.ra_in1k,0.6128712535759403,
seresnext26ts.ch_in1k,0.6349380047364541,
convformer_s36.sail_in22k_ft_in1k,0.6817188392008752,
visformer_tiny.in1k,0.6730624715246095,
resnet18.a2_in1k,0.5489375546725973,
resnet101.tv2_in1k,0.6564100639379156,
convnext_base.fb_in1k,0.7173254609756551,
maxvit_tiny_tf_224.in1k,0.6232125670531438,
tresnet_m.miil_in1k_448,0.5512298089006653,
convit_base.fb_in1k,0.7320392215902307,
swinv2_cr_small_224.sw_in1k,0.7683977456810092,
resnet32ts.ra2_in1k,0.6220954479770929,
gcvit_xxtiny.in1k,0.6916881489972897,
dpn68.mx_in1k,0.5957237834620923,
vit_tiny_patch16_224.augreg_in21k,0.7008656529550759,
resnet152s.gluon_in1k,0.7030030388357869,
resnet34.a2_in1k,0.5671229009514347,
regnetz_d32.ra3_in1k,0.483495340053027,
efficientformerv2_l.snap_dist_in1k,0.6499724078429419,
mobilenetv2_110d.ra_in1k,0.6431227207988569,
caformer_s18.sail_in22k_ft_in1k,0.7797021399069936,
regnetx_080.tv2_in1k,0.6452701836790657,
maxvit_tiny_rw_224.sw_in1k,0.6914749026830165,
crossvit_18_dagger_408.in1k,,OutOfMemoryError
regnetv_040.ra3_in1k,,OutOfMemoryError
tf_efficientnetv2_b0.in1k,0.657638114401293,
convformer_s18.sail_in22k_ft_in1k,0.6934024760095566,
gcvit_xtiny.in1k,0.744375866881133,
poolformerv2_s12.sail_in1k,0.6478675009634627,
xcit_small_12_p16_224.fb_dist_in1k,0.7607099111937023,
resmlp_36_224.fb_distilled_in1k,0.6813844438025327,
resnet18.a3_in1k,0.604608085236413,
tf_efficientnet_b0.ap_in1k,0.6293727174688674,
densenet121.ra_in1k,0.6011787450782143,
efficientnet_b2_pruned.in1k,0.454919621598005,
caformer_s36.sail_in22k_ft_in1k_384,0.6719852769154293,
deit_small_distilled_patch16_224.fb_in1k,0.7105569829282316,
xcit_tiny_12_p8_224.fb_in1k,0.6767937191536408,
ese_vovnet19b_dw.ra_in1k,0.6596352161425363,
tinynet_a.in1k,0.655990050492637,
regnety_032.tv2_in1k,0.6698022127722598,
pvt_v2_b2_li.in1k,0.7140818653673267,
resnetv2_50x1_bit.goog_in21k_ft_in1k,0.5556964860476789,
tf_efficientnetv2_b1.in1k,0.6527922696908801,
convnext_small.fb_in1k,0.6599122569177912,
xcit_nano_12_p8_224.fb_dist_in1k,0.7178256343087566,
coatnet_bn_0_rw_224.sw_in1k,0.699323377693267,
resnet50d.a1_in1k,0.6287104782770193,
regnety_320.swag_ft_in1k,0.5440147261803037,
poolformer_s36.sail_in1k,0.6630624919152802,
pvt_v2_b4.in1k,0.6709463824836492,
convformer_s18.sail_in1k,0.6843437344353637,
regnetz_040_h.ra3_in1k,0.5092005500742249,
levit_conv_256.fb_dist_in1k,0.5528626824090779,
legacy_seresnet34.in1k,0.5749396166581082,
xcit_small_24_p16_384.fb_dist_in1k,0.7101742899810151,
resnet33ts.ra2_in1k,0.6126497899463832,
resnet152.a1_in1k,0.6593280512856384,
regnety_006.pycls_in1k,0.6152515891074141,
resnext101_64x4d.tv_in1k,0.6351547574845569,
poolformerv2_s36.sail_in1k,0.6661293669530656,
tf_efficientnetv2_m.in21k_ft_in1k,0.6310435099675472,
resnext50_32x4d.a1_in1k,0.6010295857756932,
spnasnet_100.rmsp_in1k,0.6602069553760066,
tf_efficientnet_b0.aa_in1k,0.6442926995401627,
crossvit_9_240.in1k,0.660831096372735,
caformer_s18.sail_in22k_ft_in1k_384,0.7654269845200931,
xcit_small_12_p16_224.fb_in1k,0.7335749270104088,
convnext_base.clip_laiona_augreg_ft_in1k_384,0.725142594936258,
resnet50.a1_in1k,0.4895689972025457,
crossvit_tiny_240.in1k,0.6308823078750803,
convnext_tiny.fb_in1k,0.6793465898292526,
tf_efficientnet_cc_b0_8e.in1k,0.5350761184893081,
hrnet_w18_ssld.paddle_in1k,0.6589437552675911,
xcit_small_12_p16_384.fb_dist_in1k,0.7468869898684973,
regnetx_004_tv.tv2_in1k,0.562741562953512,
xcit_nano_12_p8_224.fb_in1k,0.6581803235829621,
mixnet_l.ft_in1k,0.6274189972323367,
xcit_tiny_12_p16_224.fb_dist_in1k,0.667011746106333,
resnetblur50.bt_in1k,0.5952384893932255,
caformer_s18.sail_in1k,0.6850316735935674,
dla34.in1k,0.5870955396639811,
crossvit_small_240.in1k,0.6357326078926309,
davit_tiny.msft_in1k,0.6708044847762153,
res2net50_26w_4s.in1k,0.5545793159380119,
regnety_160.deit_in1k,0.6213051779642087,
mobilevit_xxs.cvnets_in1k,0.6267457253391211,
cspresnet50.ra_in1k,0.5857856800749921,
mobilevitv2_200.cvnets_in1k,0.5136000767842508,
resnext50_32x4d.gluon_in1k,0.6090746164163517,
mobilevitv2_200.cvnets_in22k_ft_in1k_384,0.6450447151550104,
convnext_femto.d1_in1k,0.6937269912265588,
cs3sedarknet_x.c2ns_in1k,0.5320608896072607,
poolformerv2_s24.sail_in1k,0.7317572998557804,
volo_d2_224.sail_in1k,0.7687651508234227,
beitv2_base_patch16_224.in1k_ft_in1k,0.7489837727853736,
eca_resnet33ts.ra2_in1k,0.5399469440691618,
dla60x_c.in1k,0.5710810806111083,
dla60_res2next.in1k,0.6208661099889223,
tf_mixnet_m.in1k,0.6235083186614636,
tf_efficientnetv2_b3.in1k,0.6035366497185845,
xception71.tf_in1k,0.4373516380218749,
vit_tiny_r_s16_p8_224.augreg_in21k,0.698959867329142,
resnest50d.in1k,0.6562436683751741,
tf_efficientnet_b2.aa_in1k,0.5856862687817754,
resnet10t.c3_in1k,0.6659489961473376,
convformer_s18.sail_in22k_ft_in1k_384,0.6578804159424454,
resnetv2_101.a1h_in1k,0.5187735673847595,
vit_small_patch16_224.augreg_in1k,0.7384638503864726,
mobilevit_xs.cvnets_in1k,0.7321233978258631,
regnetz_d8.ra3_in1k,0.4996020075385485,
resnet18.tv_in1k,0.6209758930773472,
seresnext101_32x4d.gluon_in1k,0.5898889441760045,
resnetaa50.a1h_in1k,0.6249494806023224,
cs3darknet_l.c2ns_in1k,0.5792069474915795,
cait_s24_224.fb_dist_in1k,0.7013497269098596,
resnet50.d_in1k,0.6047672401569488,
xception65.tf_in1k,0.4919591686333107,
edgenext_base.usi_in1k,0.6640326090931103,
tf_efficientnet_b1.aa_in1k,0.5800684304156424,
gmixer_24_224.ra3_in1k,0.7320053003249753,
inception_resnet_v2.tf_in1k,0.4629818290325559,
inception_v3.gluon_in1k,0.4798692568620226,
mobilevitv2_125.cvnets_in1k,0.6069957331913489,
vit_base_patch32_clip_224.laion2b_ft_in1k,0.6766078611911504,
resnet18.fb_ssl_yfcc100m_ft_in1k,0.6232167979426636,
regnety_016.tv2_in1k,0.5909997164947054,
convnextv2_nano.fcmae_ft_in22k_in1k_384,0.6418574412123763,
vit_tiny_r_s16_p8_224.augreg_in21k_ft_in1k,0.6827687626038474,
crossvit_18_240.in1k,0.6792558638835504,
hrnet_w18_small.ms_in1k,0.6518628645019298,
xcit_tiny_24_p16_224.fb_dist_in1k,0.7219652728317227,
caformer_s18.sail_in1k_384,0.6973626065522106,
resnext50_32x4d.fb_swsl_ig1b_ft_in1k,0.6467938535591162,
edgenext_base.in21k_ft_in1k,0.6583743458504973,
darknet53.c2ns_in1k,0.5631493137110654,
resnet18.gluon_in1k,0.5912398165435455,
convnextv2_pico.fcmae,0.6524923026492581,
regnety_008.pycls_in1k,0.6503715647835583,
crossvit_9_dagger_240.in1k,0.6690958719118039,
resnet18d.ra2_in1k,0.5431323803402368,
volo_d1_224.sail_in1k,0.7560650627049479,
nest_small_jx.goog_in1k,0.6429536436492883,
resnet101s.gluon_in1k,0.5628221610968418,
convnext_atto_ols.a2_in1k,0.6564986244837966,
tf_efficientnet_cc_b1_8e.in1k,0.5794342142835747,
convnext_base.clip_laiona_320,0.646080740650784,
xcit_nano_12_p16_224.fb_dist_in1k,0.656422782468269,
legacy_seresnet18.in1k,0.5949478971620746,
resnet34.bt_in1k,0.5404625982973074,
seresnext101_32x8d.ah_in1k,0.5695368728574599,
tresnet_l.miil_in1k_448,0.5585595149909253,
dpn68b.mx_in1k,0.6075366186753741,
convnext_pico.d1_in1k,0.6822520603142627,
convformer_s18.sail_in1k_384,0.6733766199408354,
ecaresnet50t.ra2_in1k,0.5711961931583955,
regnetx_008.tv2_in1k,0.634321687583535,
tf_efficientnet_b3.ns_jft_in1k,0.5658360056458965,
tf_efficientnet_lite2.in1k,0.6072779639765189,
res2net101_26w_4s.in1k,0.7707133458852486,
mobilevitv2_150.cvnets_in1k,0.6391156812780775,
vit_relpos_medium_patch16_cls_224.sw_in1k,0.7245337444214325,
regnetx_002.pycls_in1k,0.5952934170057229,
efficientformerv2_s2.snap_dist_in1k,0.6613739372465028,
deit3_small_patch16_224.fb_in1k,0.6392542945676448,
legacy_seresnext26_32x4d.in1k,0.6447150576803431,
gcresnext26ts.ch_in1k,0.6415321081853388,
xception41.tf_in1k,0.4340240567421682,
tf_efficientnet_b2.ap_in1k,0.5232265205594336,
resnet34.gluon_in1k,0.5666644355047838,
regnetx_032.tv2_in1k,0.6377677840103864,
inception_v3.tf_in1k,0.546134535570721,
resnet18.fb_swsl_ig1b_ft_in1k,0.6055443252253574,
wide_resnet101_2.tv_in1k,0.5357693638673714,
convnextv2_tiny.fcmae,0.6851058783283258,
vit_relpos_small_patch16_224.sw_in1k,0.7244727039362001,
res2net50d.in1k,0.6135138153764891,
resnext101_32x8d.fb_ssl_yfcc100m_ft_in1k,0.6559619278851883,
dpn68b.ra_in1k,0.5602194247725305,
skresnet18.ra_in1k,0.5494895030523165,
SelecSls60b.in1k,0.5592659184989928,
regnety_002.pycls_in1k,0.6071840654798951,
cs3darknet_focus_l.c2ns_in1k,0.5405079083647933,
res2net50_26w_6s.in1k,0.5661050359835473,
regnety_004.pycls_in1k,0.5594177936088782,
inception_v4.tf_in1k,0.4373976843369964,
cs3se_edgenet_x.c2ns_in1k,0.4894485591553381,
tf_efficientnet_lite0.in1k,0.6090569006837724,
ese_vovnet39b.ra_in1k,0.5463916551411659,
cs3darknet_x.c2ns_in1k,0.5410063499713953,
edgenext_small_rw.sw_in1k,0.6543467600244633,
regnetx_004.pycls_in1k,0.5540369569434269,
resnet101d.ra2_in1k,0.5561980448524058,
convnextv2_tiny.fcmae_ft_in22k_in1k_384,0.6695693888245273,
convit_small.fb_in1k,0.6660263409357128,
mobilevitv2_075.cvnets_in1k,0.5599265233847411,
nf_regnet_b1.ra2_in1k,0.6354312928841979,
tf_efficientnet_lite4.in1k,0.4967389723352619,
resnet34.a1_in1k,0.557376314236453,
coat_mini.in1k,0.6810379297444882,
tf_efficientnet_b1.ns_jft_in1k,0.6386036392051955,
convnext_pico_ols.d1_in1k,0.6549520522904246,
seresnet33ts.ra2_in1k,0.5651012820871919,
pit_ti_distilled_224.in1k,0.7136240793611676,
res2net50_26w_8s.in1k,0.5663513058756746,
resnext50_32x4d.tv2_in1k,0.625341197081011,
levit_128.fb_dist_in1k,0.5641713253814583,
convnext_femto_ols.d1_in1k,0.7208265567274887,
cspdarknet53.ra_in1k,0.5748628212041835,
xcit_tiny_24_p16_384.fb_dist_in1k,0.6698498390561086,
resnet101.a1_in1k,0.5216782676375827,
mobilevitv2_100.cvnets_in1k,0.5729026608917279,
regnety_008_tv.tv2_in1k,0.6016225549670831,
convnext_atto.d2_in1k,0.6376416502161,
resnet200d.ra2_in1k,0.5956192754779909,
mobilevitv2_150.cvnets_in22k_ft_in1k_384,0.6406156162643861,
levit_256.fb_dist_in1k,0.5891812515773885,
pvt_v2_b0.in1k,0.6621371056648884,
coat_tiny.in1k,0.7088159301106332,
efficientnet_b2.ra_in1k,0.5809120839754021,
efficientnetv2_rw_t.ra2_in1k,0.5388339917421883,
tf_efficientnet_b3.aa_in1k,0.539562879276041,
edgenext_small.usi_in1k,0.6147591826550781,
cs3darknet_focus_m.c2ns_in1k,0.5737093917517267,
cait_xxs24_224.fb_dist_in1k,0.6732773517004578,
hrnet_w32.ms_in1k,0.5353980514365718,
regnety_160.lion_in12k_ft_in1k,0.8032612616071743,
convnextv2_femto.fcmae_ft_in1k,0.7205065336323417,
vit_srelpos_small_patch16_224.sw_in1k,0.7122609370523734,
cs3edgenet_x.c2_in1k,0.5642526807160732,
seresnext50_32x4d.racm_in1k,0.5900479405578701,
darknetaa53.c2ns_in1k,0.51138050123009,
regnety_064.ra3_in1k,0.6851501029112933,
gcresnext50ts.ch_in1k,0.6424022150207614,
dla60_res2net.in1k,0.6563303216083625,
eva02_small_patch14_224.mim_in22k,0.6748520050521231,
tf_efficientnet_b0.ns_jft_in1k,0.6557602585052907,
tf_efficientnet_b2.in1k,0.5981433659694377,
convformer_s36.sail_in22k_ft_in1k_384,0.6343998729570649,
tf_efficientnet_b1.ap_in1k,0.6078383367600152,
regnetz_c16.ra3_in1k,0.633458143139127,
resmlp_24_224.fb_distilled_in1k,0.7224184940959069,
seresnet152d.ra2_in1k,0.5973084790325421,
deit3_small_patch16_224.fb_in22k_ft_in1k,0.6784253011622643,
resnext101_32x4d.fb_swsl_ig1b_ft_in1k,0.829959146955031,
tf_efficientnetv2_s.in1k,0.5771573110244939,
hrnet_w48.ms_in1k,0.6868252625367122,
seresnextaa101d_32x8d.ah_in1k,0.5359447395373608,
levit_conv_128s.fb_dist_in1k,0.5473622349368945,
tf_efficientnet_b4.ap_in1k,0.4530620659912341,
convmixer_1024_20_ks9_p14.in1k,0.5614276332226715,
convnextv2_femto.fcmae,0.5354825306250226,
cait_xxs36_224.fb_dist_in1k,0.6628762941295028,
levit_192.fb_dist_in1k,0.5550401605969599,
wide_resnet50_2.racm_in1k,0.5901628054060062,
tf_efficientnet_b3.ap_in1k,0.4987095745029082,
convnextv2_nano.fcmae,0.6590526370739036,
xcit_tiny_24_p16_224.fb_in1k,0.7094169991676689,
cs3sedarknet_l.c2ns_in1k,0.5451697946081224,
tf_efficientnet_b5.ra_in1k,0.4496828888489416,
gcresnet33ts.ra2_in1k,0.575430021768854,
cs3darknet_m.c2ns_in1k,0.6198854636256622,
gc_efficientnetv2_rw_t.agc_in1k,0.5830034849440533,
res2next50.in1k,0.6886574974325783,
tnt_s_patch16_224,0.7405457021289241,
xcit_nano_12_p16_224.fb_in1k,0.6557136512551284,
inception_resnet_v2.tf_ens_adv_in1k,0.5411049026510234,
xception65.ra3_in1k,0.3812800667824458,
edgenext_xx_small.in1k,0.524012346493081,
regnetx_006.pycls_in1k,0.6074389799246279,
tf_efficientnet_b5.ns_jft_in1k,0.5273535109182896,
nest_tiny_jx.goog_in1k,0.6667055075455753,
eva02_tiny_patch14_224.mim_in22k,0.7046719931388793,
efficientnet_b3.ra2_in1k,0.5336752492747844,
gmlp_s16_224.ra3_in1k,0.6869997604462582,
convnextv2_atto.fcmae,0.5979925377845888,
SelecSls60.in1k,0.6007138606152794,
mobilevitv2_175.cvnets_in1k,0.5995185470158748,
tf_efficientnet_b2.ns_jft_in1k,0.5946244773020799,
levit_128s.fb_dist_in1k,0.5623221265594203,
tresnet_l.miil_in1k,0.6235626439954274,
regnety_320.seer_ft_in1k,0.5554803630333742,
regnetz_040.ra3_in1k,0.5498521702246034,
dla46_c.in1k,0.5569260604641115,
tf_efficientnet_b5.ap_in1k,0.48856070905592,
resnet61q.ra2_in1k,0.5619500473245165,
resnet34d.ra2_in1k,0.4985682707209579,
hrnet_w40.ms_in1k,0.6486350619727653,
xcit_tiny_12_p16_384.fb_dist_in1k,0.6930249926379777,
tf_efficientnet_lite3.in1k,0.5765870681923665,
inception_v3.tf_adv_in1k,0.4999229374986167,
mobilevitv2_050.cvnets_in1k,0.4990966932356631,
tf_efficientnet_cc_b0_4e.in1k,0.580857543401657,
tf_efficientnet_b4.in1k,0.5242564774656653,
xcit_tiny_12_p16_224.fb_in1k,0.6723167718893855,
convnextv2_nano.fcmae_ft_in22k_in1k,0.6791785942048542,
skresnet34.ra_in1k,0.4938684867332502,
resnext50_32x4d.a1h_in1k,0.6133912407247898,
resnet152.a1h_in1k,0.5323848849718489,
xception41p.ra3_in1k,0.5444025900598293,
levit_conv_128.fb_dist_in1k,0.4783159010658331,
xcit_nano_12_p16_384.fb_dist_in1k,0.6396529441480658,
coat_lite_tiny.in1k,0.7677106132423007,
mobilevit_s.cvnets_in1k,0.7026892791779384,
regnety_004.tv2_in1k,0.5656628982586465,
levit_conv_192.fb_dist_in1k,0.4301129355050668,
tf_efficientnet_b3.in1k,0.4699295478444125,
caformer_s36.sail_in1k_384,0.6777230356025592,
inception_v3.tv_in1k,0.5149354324792468,
efficientformerv2_s0.snap_dist_in1k,0.5785656839452468,
xception65p.ra3_in1k,0.573398374415831,
efficientnetv2_rw_m.agc_in1k,0.485144265825202,
tf_efficientnet_b5.aa_in1k,0.4647388428116781,
xcit_nano_12_p8_384.fb_dist_in1k,0.7219094975530528,
tf_efficientnetv2_m.in1k,0.4867306994618652,
efficientnet_b4.ra2_in1k,0.5200331347953945,
tf_efficientnet_b4.aa_in1k,0.528741413446302,
efficientnetv2_rw_s.ra2_in1k,0.5508566680376044,
convnextv2_atto.fcmae_ft_in1k,0.6754900934684047,
caformer_s36.sail_in1k,0.6823342353885076,
tf_efficientnet_b4.ns_jft_in1k,0.5079993968629584,
edgenext_x_small.in1k,0.5867012931562653,
tf_efficientnet_b5.in1k,0.54228320197076,
